1;
4;
12;
13;
15;
17;
19;
21;
23;
25;
26;
27;
29;
31;
32;
33;
34;
35;
36;
39;
41;
42;
45;
47;
48;
51;
52;
55;
57;
58;
60;
61;
62;
63;
64;
68;
70;
71;
72;
74;
75;
76;
79;
82;
86;
87;
89;
92;
97;
99;
101;
107;
109;
110;
111;
113;
114;
116;
117;
118;
121;
126;
128;
129;
131;
134;
135;
142;
143;
147;
150;
151;
153;
156;
158;
164;
165;
166;
169;
170;
171;
172;
177;
181;
184;
185;
190;
191;
193;
194;
197;
201;
204;
205;
208;
214;
216;
217;
219;
220;
222;
223;
227;
228;
230;
231;
233;
234;
235;
236;
237;
241;
242;
243;
246;
247;
250;
251;
252;
253;
254;
255;
257;
258;
261;
262;
266;
268;
272;
274;
277;
279;
282;
284;
286;
287;
289;
291;
292;
297;
299;
302;
304;
306;
307;
308;
309;
310;
311;
312;
315;
316;
318;
319;
320;
321;
323;
324;
325;
326;
327;
328;
330;
332;
334;
336;
338;
339;
342;
344;
345;
348;
351;
359;
360;
361;
363;
364;
366;
367;
369;
375;
377;
378;
379;
380;
384;
386;
387;
388;
391;
392;
394;
395;
396;
397;
401;
402;
405;
408;
410;
411;
413;
414;
415;
416;
417;
418;
419;
425;
431;
433;
436;
443;
448;
449;
450;
453;
455;
465;
466;
469;
470;
472;
474;
479;
481;
482;
483;
485;
486;
491;
492;
493;
494;
502;
508;
509;
513;
516;
517;
518;
521;
524;
526;
529;
530;
531;
539;
540;
544;
545;
547;
548;
552;
553;
555;
556;
558;
559;
560;
561;
562;
566;
569;
570;
572;
573;
587;
594;
595;
596;
598;
599;
601;
602;
604;
607;
608;
609;
611;
612;
613;
614;
615;
625;
626;
627;
629;
632;
634;
635;
637;
638;
641;
643;
646;
647;
648;
649;
650;
651;
652;
657;
658;
659;
660;
671;
672;
673;
674;
675;
677;
680;
681;
682;
683;
684;
686;
687;
689;
695;
699;
700;
701;
702;
703;
705;
706;
707;
708;
711;
713;
718;
721;
722;
723;
724;
726;
730;
735;
737;
738;
739;
740;
741;
743;
744;
746;
747;
749;
750;
752;
755;
756;
757;
759;
760;
767;
769;
770;
773;
774;
777;
778;
779;
780;
782;
783;
784;
789;
792;
793;
797;
798;
799;
800;
807;
811;
813;
814;
818;
819;
820;
821;
825;
827;
828;
829;
831;
832;
833;
835;
836;
837;
841;
845;
847;
849;
850;
851;
852;
853;
854;
855;
856;
858;
860;
861;
864;
865;
866;
870;
871;
874;
875;
877;
878;
884;
887;
889;
890;
897;
898;
900;
901;
905;
906;
909;
913;
914;
916;
921;
923;
925;
931;
932;
933;
935;
936;
938;
939;
940;
941;
943;
944;
946;
947;
948;
950;
951;
952;
960;
962;
967;
968;
969;
971;
974;
976;
978;
980;
987;
991;
993;
994;
996;
998;
999;
1003;
1004;
1007;
1009;
1010;
1011;
1012;
1013;
1016;
1017;
1018;
1019;
1020;
1023;
1024;
1026;
1029;
1030;
1032;
1035;
1036;
1037;
1038;
1039;
1040;
1042;
1044;
1046;
1047;
1052;
1053;
1058;
1059;
1060;
1063;
1064;
1065;
1066;
1068;
1069;
1074;
1075;
1077;
1081;
1085;
1086;
1087;
1089;
1090;
1094;
1097;
1099;
1100;
1104;
1105;
1106;
1108;
1110;
1111;
1113;
1114;
1118;
1119;
1120;
1122;
1125;
1128;
1131;
1134;
1135;
1136;
1138;
1139;
1140;
1141;
1145;
1149;
1156;
1159;
1160;
1162;
1166;
1168;
1173;
1176;
1177;
1178;
1181;
1183;
1185;
1186;
1190;
1193;
1196;
1197;
1199;
1200;
1201;
1202;
1203;
1204;
1205;
1206;
1207;
1208;
1209;
1216;
1218;
1219;
1221;
1222;
1226;
1227;
1228;
1229;
1231;
1234;
1235;
1236;
1240;
1241;
1243;
1245;
1246;
1249;
1250;
1252;
1254;
1255;
1256;
1257;
1259;
1260;
1265;
1273;
1274;
1275;
1278;
1281;
1282;
1283;
1288;
1289;
1290;
1292;
1295;
1296;
1297;
1299;
1302;
1303;
1305;
1307;
1308;
1309;
1310;
1311;
1314;
1315;
1316;
1318;
1319;
1321;
1322;
1324;
1325;
1331;
1333;
1335;
1343;
1345;
1346;
1351;
1352;
1361;
1363;
1364;
1366;
1368;
1371;
1373;
1377;
1378;
1380;
1381;
1382;
1385;
1386;
1392;
1393;
1394;
1395;
1399;
1404;
1407;
1408;
1410;
1412;
1415;
1417;
1419;
1421;
1422;
1423;
1424;
1428;
1429;
1433;
1435;
1437;
1442;
1444;
1446;
1447;
1451;
1452;
1453;
1454;
1455;
1457;
1460;
1463;
1465;
1468;
1473;
1475;
1476;
1478;
1479;
1486;
1488;
1490;
1491;
1495;
1496;
1497;
1499;
1500;
1501;
1503;
1504;
1506;
1507;
1509;
1510;
1511;
1512;
1513;
1514;
1517;
1522;
1524;
1527;
1528;
1530;
1531;
1532;
1533;
1534;
1536;
1537;
1538;
1540;
1541;
1543;
1545;
1547;
1548;
1549;
1553;
1554;
1555;
1556;
1557;
1561;
1562;
1563;
1564;
1566;
1567;
1568;
1573;
1574;
1576;
1577;
1582;
1584;
1585;
1587;
1590;
1592;
1593;
1595;
1598;
1606;
1609;
1611;
1612;
1613;
1615;
1618;
1619;
1620;
1626;
1627;
1630;
1632;
1633;
1634;
1636;
1637;
1638;
1640;
1641;
1642;
1643;
1645;
1648;
1649;
1650;
1651;
1653;
1657;
1658;
1659;
1661;
1662;
1663;
1666;
1667;
1668;
1675;
1676;
1678;
1679;
1680;
1682;
1686;
1687;
1689;
1690;
1691;
1693;
1694;
1701;
1702;
1703;
1709;
1711;
1712;
1713;
1714;
1717;
1719;
1720;
1721;
1722;
1726;
1729;
1731;
1732;
1736;
1737;
1738;
1739;
1740;
1743;
1748;
1749;
1750;
1752;
1754;
1756;
1758;
1759;
1760;
1764;
1766;
1769;
1771;
1772;
1774;
1775;
1777;
1780;
1782;
1784;
1785;
1787;
1788;
1790;
1794;
1795;
1797;
1800;
1801;
1802;
1803;
1806;
1807;
1810;
1811;
1812;
1813;
1815;
1816;
1817;
1818;
1821;
1822;
1824;
1825;
1827;
1830;
1831;
1833;
1836;
1843;
1845;
1847;
1849;
1850;
1852;
1853;
1855;
1857;
1858;
1859;
1863;
1864;
1865;
1867;
1868;
1870;
1871;
1872;
1875;
1876;
1880;
1881;
1882;
1884;
1889;
1890;
1891;
1892;
1895;
1896;
1897;
1899;
1902;
1904;
1905;
1907;
1911;
1915;
1916;
1918;
1923;
1926;
1927;
1928;
1930;
1933;
1934;
1935;
1936;
1937;
1938;
1939;
1942;
1943;
1944;
1945;
1946;
1953;
1956;
1962;
1964;
1967;
1968;
1969;
1970;
1971;
1973;
1974;
1976;
1979;
1980;
1982;
1985;
1987;
1988;
1989;
1996;
1997;
1998;
1999;
2001;
2002;
2004;
2005;
2010;
2011;
2012;
2014;
2016;
2020;
2024;
2025;
2027;
2029;
2030;
2031;
2032;
2033;
2040;
2042;
2044;
2048;
2;
6;
8;
10;
11;
14;
16;
22;
30;
43;
46;
49;
53;
65;
66;
67;
73;
77;
80;
83;
84;
88;
91;
98;
102;
103;
104;
119;
122;
124;
127;
136;
139;
140;
144;
145;
146;
149;
152;
157;
159;
160;
163;
174;
175;
180;
186;
187;
188;
196;
198;
200;
202;
203;
206;
207;
209;
210;
213;
215;
218;
221;
225;
229;
232;
238;
239;
244;
245;
249;
256;
259;
263;
264;
265;
269;
270;
273;
275;
276;
280;
281;
285;
290;
293;
296;
300;
303;
322;
331;
337;
340;
341;
343;
346;
349;
350;
352;
355;
357;
358;
362;
370;
371;
372;
374;
376;
381;
385;
400;
404;
407;
409;
420;
423;
424;
426;
427;
428;
429;
430;
435;
439;
441;
452;
460;
461;
467;
471;
473;
476;
484;
488;
495;
496;
499;
503;
505;
507;
511;
514;
520;
523;
527;
533;
541;
542;
546;
549;
550;
551;
557;
564;
565;
567;
568;
571;
576;
577;
579;
582;
583;
588;
589;
592;
597;
603;
605;
610;
616;
617;
619;
620;
621;
622;
623;
630;
631;
633;
640;
645;
653;
654;
655;
656;
663;
664;
667;
668;
670;
678;
679;
685;
691;
696;
704;
710;
714;
719;
725;
729;
731;
732;
733;
736;
748;
751;
753;
754;
762;
763;
766;
768;
771;
772;
775;
776;
791;
794;
795;
806;
808;
810;
822;
823;
824;
830;
834;
839;
840;
842;
846;
857;
859;
862;
863;
873;
880;
881;
883;
888;
891;
893;
895;
903;
908;
910;
911;
912;
917;
918;
920;
928;
942;
945;
953;
955;
956;
959;
964;
966;
970;
979;
984;
989;
992;
997;
1001;
1002;
1006;
1021;
1027;
1031;
1033;
1041;
1043;
1045;
1049;
1051;
1054;
1055;
1057;
1061;
1062;
1070;
1073;
1079;
1082;
1091;
1098;
1101;
1103;
1107;
1112;
1116;
1117;
1121;
1127;
1129;
1130;
1142;
1144;
1146;
1151;
1153;
1155;
1158;
1163;
1169;
1170;
1184;
1188;
1189;
1191;
1192;
1210;
1212;
1214;
1217;
1223;
1224;
1230;
1233;
1239;
1244;
1247;
1248;
1251;
1258;
1261;
1264;
1269;
1270;
1271;
1279;
1280;
1284;
1286;
1291;
1293;
1298;
1300;
1301;
1304;
1306;
1326;
1328;
1329;
1330;
1340;
1341;
1342;
1350;
1353;
1355;
1356;
1357;
1358;
1360;
1369;
1370;
1375;
1383;
1389;
1390;
1397;
1402;
1403;
1405;
1413;
1414;
1425;
1430;
1431;
1432;
1439;
1440;
1450;
1459;
1461;
1464;
1467;
1471;
1472;
1477;
1480;
1481;
1493;
1494;
1502;
1508;
1515;
1520;
1521;
1523;
1525;
1535;
1546;
1552;
1558;
1560;
1569;
1570;
1571;
1572;
1578;
1579;
1581;
1583;
1586;
1588;
1599;
1600;
1601;
1604;
1605;
1607;
1608;
1610;
1614;
1617;
1623;
1624;
1625;
1631;
1635;
1639;
1646;
1655;
1656;
1660;
1664;
1665;
1669;
1674;
1677;
1683;
1684;
1685;
1692;
1695;
1697;
1707;
1718;
1723;
1724;
1727;
1730;
1733;
1735;
1741;
1742;
1746;
1757;
1761;
1762;
1765;
1768;
1770;
1773;
1786;
1789;
1792;
1796;
1798;
1799;
1805;
1808;
1809;
1823;
1832;
1838;
1841;
1844;
1846;
1848;
1851;
1860;
1861;
1862;
1869;
1873;
1874;
1879;
1885;
1894;
1900;
1903;
1906;
1908;
1909;
1912;
1919;
1920;
1921;
1929;
1932;
1941;
1948;
1951;
1952;
1957;
1958;
1959;
1960;
1963;
1965;
1966;
1972;
1978;
1981;
1984;
1993;
1994;
1995;
2000;
2003;
2006;
2013;
2015;
2017;
2023;
2026;
2034;
2035;
2039;
2045;
2047;
3;
5;
7;
9;
18;
28;
37;
38;
44;
54;
59;
69;
81;
94;
96;
105;
106;
112;
120;
125;
132;
133;
137;
138;
154;
161;
162;
168;
173;
176;
182;
183;
192;
199;
211;
226;
260;
278;
295;
313;
314;
329;
335;
354;
356;
368;
382;
389;
398;
406;
412;
432;
434;
445;
451;
454;
458;
464;
477;
480;
487;
489;
497;
498;
501;
506;
510;
512;
515;
534;
535;
538;
543;
554;
563;
574;
586;
593;
600;
606;
624;
628;
639;
644;
661;
662;
669;
676;
688;
690;
693;
698;
709;
712;
716;
727;
728;
734;
745;
761;
785;
786;
787;
790;
796;
802;
803;
804;
805;
816;
826;
843;
844;
868;
869;
872;
876;
882;
885;
886;
892;
899;
904;
919;
922;
924;
926;
930;
937;
949;
958;
961;
963;
965;
973;
975;
981;
982;
986;
988;
990;
1005;
1025;
1028;
1056;
1067;
1078;
1080;
1084;
1102;
1109;
1115;
1123;
1126;
1132;
1137;
1148;
1152;
1157;
1161;
1164;
1167;
1172;
1174;
1179;
1180;
1182;
1187;
1195;
1198;
1213;
1225;
1237;
1238;
1242;
1253;
1263;
1266;
1267;
1272;
1277;
1287;
1312;
1317;
1320;
1327;
1332;
1334;
1349;
1354;
1359;
1362;
1365;
1367;
1372;
1387;
1391;
1396;
1398;
1409;
1418;
1427;
1434;
1436;
1438;
1443;
1448;
1449;
1456;
1458;
1469;
1482;
1484;
1487;
1492;
1505;
1516;
1519;
1529;
1542;
1550;
1551;
1575;
1591;
1597;
1616;
1622;
1628;
1652;
1670;
1671;
1681;
1698;
1700;
1704;
1710;
1734;
1745;
1751;
1753;
1755;
1781;
1791;
1804;
1814;
1834;
1835;
1837;
1839;
1840;
1856;
1877;
1878;
1886;
1888;
1898;
1901;
1913;
1914;
1917;
1924;
1925;
1931;
1975;
1983;
1986;
1990;
1991;
1992;
2007;
2009;
2021;
2036;
2037;
2041;
2043;
2046;
20;
40;
78;
85;
108;
155;
178;
224;
240;
248;
294;
317;
347;
353;
383;
390;
393;
421;
444;
446;
457;
459;
468;
478;
522;
525;
536;
578;
581;
584;
590;
591;
618;
666;
697;
742;
758;
781;
788;
801;
809;
838;
848;
867;
879;
894;
902;
907;
934;
972;
983;
985;
1008;
1015;
1022;
1048;
1076;
1092;
1093;
1095;
1124;
1133;
1154;
1171;
1175;
1194;
1215;
1232;
1276;
1313;
1338;
1339;
1348;
1374;
1376;
1384;
1400;
1445;
1466;
1474;
1483;
1485;
1489;
1526;
1559;
1594;
1596;
1603;
1621;
1644;
1654;
1673;
1706;
1716;
1725;
1728;
1744;
1767;
1776;
1778;
1820;
1826;
1842;
1887;
1893;
1910;
1922;
1940;
1947;
1954;
1955;
1961;
1977;
2008;
56;
90;
93;
100;
115;
123;
141;
148;
167;
189;
267;
271;
288;
298;
301;
305;
333;
365;
373;
399;
403;
422;
437;
440;
447;
463;
475;
490;
504;
519;
528;
532;
665;
694;
717;
720;
896;
915;
929;
954;
957;
977;
995;
1000;
1050;
1072;
1088;
1150;
1165;
1211;
1220;
1323;
1344;
1388;
1420;
1426;
1470;
1539;
1589;
1602;
1672;
1705;
1708;
1747;
1763;
1828;
1829;
1854;
1883;
1949;
1950;
2018;
2019;
2028;
24;
95;
130;
179;
212;
462;
575;
580;
585;
636;
642;
715;
765;
812;
817;
1014;
1071;
1083;
1262;
1285;
1337;
1347;
1379;
1401;
1416;
1462;
1498;
1565;
1580;
1696;
1699;
1779;
1783;
1819;
1866;
2022;
50;
195;
442;
456;
500;
537;
692;
927;
1143;
1147;
1411;
1544;
1629;
2038;
283;
764;
815;
1034;
1096;
1268;
1294;
1406;
1441;
438;
1336;
1518;
1688;
1715;
1793;
1647;
